dataset,KMeans,GaussianMixture,DBSCAN,Agglomerative(Ward)
circles_det,1.0,1.0,1.0,1.0
circles_stoch,1.0,1.0,0.9837774532423316,1.0
balls_3d,1.0,1.0,1.0,1.0
ellipses_parallel,1.0,1.0,0.9200693991776255,1.0
ellipses_nonparallel,1.0,1.0,0.9955829594669816,1.0
squares_parallel,1.0,1.0,1.0,1.0
squares_nonparallel,1.0,1.0,0.9804992283683148,1.0
rectangles_parallel,1.0,1.0,1.0,1.0
rectangles_nonparallel,1.0,0.9955481068859018,0.9228204599203522,1.0
boxes_3d,1.0,1.0,1.0,1.0
letters_gst,1.0,1.0,0.8765839879072194,1.0
letters_pex,0.8245460418663022,0.607346974071582,0.9950251260454924,1.0
rings,0.05013188218389742,-0.019040688980155984,0.9311830078005996,0.03763181553540453
mixture,1.0,1.0,0.9840300873717674,1.0
real_iris,0.7302382722834697,0.9038742317748124,0.5681159420289855,0.7311985567707746
real_wine,0.8974949815093207,0.8974949815093207,0.0,0.7899332213582837
