dataset,title,shape,orientation,generation,n,d,k
circles_det,Кола різного радіуса (детермінований),коло,—,детермінований (спіраль Фогеля),480,2,3
circles_stoch,Кола випадкового радіуса (стохастичний),коло,—,"стохастичний (MT19937, рівномірний у крузі)",593,2,4
balls_3d,Кулі у тривимірному просторі,куля (3D),—,"стохастичний (PCG64, рівномірний у кулі)",600,3,4
ellipses_parallel,"Еліпси, паралельні осі",еліпс,паралельні осі,"стохастичний (PCG64, рівномірний в еліпсі)",600,2,4
ellipses_nonparallel,"Еліпси, непаралельні осі",еліпс,непаралельні осі,"стохастичний (PCG64, рівномірний в еліпсі)",600,2,4
squares_parallel,"Квадрати, паралельні сторони (детермінований)",квадрат,паралельні сторони,детермінований (регулярна решітка),676,2,4
squares_nonparallel,"Квадрати, непаралельні сторони",квадрат,непаралельні сторони,"стохастичний (Philox, рівномірний у фігурі)",600,2,4
rectangles_parallel,"Прямокутники, паралельні сторони",прямокутник,паралельні сторони,"стохастичний (SFC64, рівномірний у фігурі)",600,2,4
rectangles_nonparallel,"Прямокутники, непаралельні сторони",прямокутник,непаралельні сторони,"стохастичний (SFC64, рівномірний у фігурі)",600,2,4
boxes_3d,"Паралелепіпеди у 3D, непаралельні грані",паралелепіпед (3D),непаралельні грані,"стохастичний (SFC64, рівномірний у фігурі)",600,3,4
letters_gst,"Літери Г, С, Т",несиметрична (літера),—,"стохастичний (PCG64, нормальний шум уздовж штрихів)",600,2,3
letters_pex,"Літери П, Е, Х",несиметрична (літера),—,"стохастичний (MT19937, нормальний шум уздовж штрихів)",600,2,3
rings,Концентричні кільця з ядром,кільце,—,"стохастичний (MT19937, нормальний шум по радіусу)",750,2,3
mixture,"Суміш типів (коло, еліпс, квадрат, прямокутник, літера)",суміш,різна,стохастичний (Philox),750,2,5
real_iris,"Iris (реальні дані, 4 ознаки)",реальні дані,—,"реальний набір (Fisher, 1936)",150,4,3
real_wine,"Wine (реальні дані, 13 ознак, стандартизовано)",реальні дані,—,реальний набір (UCI Wine),178,13,3
