family,generator,seed,algorithm,ARI
circles_stoch,PCG64,100,KMeans,1.0
circles_stoch,PCG64,100,GaussianMixture,1.0
circles_stoch,PCG64,100,DBSCAN,0.9979580698787452
circles_stoch,PCG64,100,Agglomerative(Ward),1.0
circles_stoch,PCG64,101,KMeans,1.0
circles_stoch,PCG64,101,GaussianMixture,1.0
circles_stoch,PCG64,101,DBSCAN,0.9980253073348574
circles_stoch,PCG64,101,Agglomerative(Ward),1.0
circles_stoch,PCG64,102,KMeans,1.0
circles_stoch,PCG64,102,GaussianMixture,1.0
circles_stoch,PCG64,102,DBSCAN,0.9943468537332968
circles_stoch,PCG64,102,Agglomerative(Ward),1.0
circles_stoch,PCG64,103,KMeans,1.0
circles_stoch,PCG64,103,GaussianMixture,1.0
circles_stoch,PCG64,103,DBSCAN,0.9952943112465454
circles_stoch,PCG64,103,Agglomerative(Ward),1.0
circles_stoch,PCG64,104,KMeans,1.0
circles_stoch,PCG64,104,GaussianMixture,1.0
circles_stoch,PCG64,104,DBSCAN,0.9955523184114108
circles_stoch,PCG64,104,Agglomerative(Ward),1.0
circles_stoch,MT19937,100,KMeans,1.0
circles_stoch,MT19937,100,GaussianMixture,1.0
circles_stoch,MT19937,100,DBSCAN,0.9935244070605437
circles_stoch,MT19937,100,Agglomerative(Ward),1.0
circles_stoch,MT19937,101,KMeans,1.0
circles_stoch,MT19937,101,GaussianMixture,1.0
circles_stoch,MT19937,101,DBSCAN,0.9632738175679785
circles_stoch,MT19937,101,Agglomerative(Ward),1.0
circles_stoch,MT19937,102,KMeans,1.0
circles_stoch,MT19937,102,GaussianMixture,1.0
circles_stoch,MT19937,102,DBSCAN,0.989391920323122
circles_stoch,MT19937,102,Agglomerative(Ward),1.0
circles_stoch,MT19937,103,KMeans,1.0
circles_stoch,MT19937,103,GaussianMixture,1.0
circles_stoch,MT19937,103,DBSCAN,0.9961748385417715
circles_stoch,MT19937,103,Agglomerative(Ward),1.0
circles_stoch,MT19937,104,KMeans,1.0
circles_stoch,MT19937,104,GaussianMixture,1.0
circles_stoch,MT19937,104,DBSCAN,0.9977882975996599
circles_stoch,MT19937,104,Agglomerative(Ward),1.0
circles_stoch,Philox,100,KMeans,1.0
circles_stoch,Philox,100,GaussianMixture,1.0
circles_stoch,Philox,100,DBSCAN,0.9956937246863609
circles_stoch,Philox,100,Agglomerative(Ward),1.0
circles_stoch,Philox,101,KMeans,1.0
circles_stoch,Philox,101,GaussianMixture,1.0
circles_stoch,Philox,101,DBSCAN,0.9985918615835204
circles_stoch,Philox,101,Agglomerative(Ward),1.0
circles_stoch,Philox,102,KMeans,1.0
circles_stoch,Philox,102,GaussianMixture,1.0
circles_stoch,Philox,102,DBSCAN,0.9864162761923426
circles_stoch,Philox,102,Agglomerative(Ward),1.0
circles_stoch,Philox,103,KMeans,1.0
circles_stoch,Philox,103,GaussianMixture,1.0
circles_stoch,Philox,103,DBSCAN,0.9957671979985684
circles_stoch,Philox,103,Agglomerative(Ward),1.0
circles_stoch,Philox,104,KMeans,1.0
circles_stoch,Philox,104,GaussianMixture,1.0
circles_stoch,Philox,104,DBSCAN,0.9983538049989346
circles_stoch,Philox,104,Agglomerative(Ward),1.0
circles_stoch,SFC64,100,KMeans,1.0
circles_stoch,SFC64,100,GaussianMixture,1.0
circles_stoch,SFC64,100,DBSCAN,0.9567981704521078
circles_stoch,SFC64,100,Agglomerative(Ward),1.0
circles_stoch,SFC64,101,KMeans,1.0
circles_stoch,SFC64,101,GaussianMixture,1.0
circles_stoch,SFC64,101,DBSCAN,1.0
circles_stoch,SFC64,101,Agglomerative(Ward),1.0
circles_stoch,SFC64,102,KMeans,1.0
circles_stoch,SFC64,102,GaussianMixture,1.0
circles_stoch,SFC64,102,DBSCAN,0.9940812872747676
circles_stoch,SFC64,102,Agglomerative(Ward),1.0
circles_stoch,SFC64,103,KMeans,1.0
circles_stoch,SFC64,103,GaussianMixture,1.0
circles_stoch,SFC64,103,DBSCAN,0.9974769730728449
circles_stoch,SFC64,103,Agglomerative(Ward),1.0
circles_stoch,SFC64,104,KMeans,1.0
circles_stoch,SFC64,104,GaussianMixture,1.0
circles_stoch,SFC64,104,DBSCAN,0.9946553844717051
circles_stoch,SFC64,104,Agglomerative(Ward),1.0
ellipses_nonparallel,PCG64,100,KMeans,1.0
ellipses_nonparallel,PCG64,100,GaussianMixture,1.0
ellipses_nonparallel,PCG64,100,DBSCAN,1.0
ellipses_nonparallel,PCG64,100,Agglomerative(Ward),1.0
ellipses_nonparallel,PCG64,101,KMeans,1.0
ellipses_nonparallel,PCG64,101,GaussianMixture,1.0
ellipses_nonparallel,PCG64,101,DBSCAN,0.9869764464859779
ellipses_nonparallel,PCG64,101,Agglomerative(Ward),1.0
ellipses_nonparallel,PCG64,102,KMeans,1.0
ellipses_nonparallel,PCG64,102,GaussianMixture,1.0
ellipses_nonparallel,PCG64,102,DBSCAN,0.9335611799575456
ellipses_nonparallel,PCG64,102,Agglomerative(Ward),1.0
ellipses_nonparallel,PCG64,103,KMeans,1.0
ellipses_nonparallel,PCG64,103,GaussianMixture,1.0
ellipses_nonparallel,PCG64,103,DBSCAN,0.9977790054838913
ellipses_nonparallel,PCG64,103,Agglomerative(Ward),1.0
ellipses_nonparallel,PCG64,104,KMeans,1.0
ellipses_nonparallel,PCG64,104,GaussianMixture,1.0
ellipses_nonparallel,PCG64,104,DBSCAN,1.0
ellipses_nonparallel,PCG64,104,Agglomerative(Ward),1.0
ellipses_nonparallel,MT19937,100,KMeans,1.0
ellipses_nonparallel,MT19937,100,GaussianMixture,1.0
ellipses_nonparallel,MT19937,100,DBSCAN,0.9600703837104451
ellipses_nonparallel,MT19937,100,Agglomerative(Ward),1.0
ellipses_nonparallel,MT19937,101,KMeans,1.0
ellipses_nonparallel,MT19937,101,GaussianMixture,1.0
ellipses_nonparallel,MT19937,101,DBSCAN,0.9977790054838913
ellipses_nonparallel,MT19937,101,Agglomerative(Ward),1.0
ellipses_nonparallel,MT19937,102,KMeans,1.0
ellipses_nonparallel,MT19937,102,GaussianMixture,1.0
ellipses_nonparallel,MT19937,102,DBSCAN,0.9358482579988836
ellipses_nonparallel,MT19937,102,Agglomerative(Ward),1.0
ellipses_nonparallel,MT19937,103,KMeans,1.0
ellipses_nonparallel,MT19937,103,GaussianMixture,1.0
ellipses_nonparallel,MT19937,103,DBSCAN,1.0
ellipses_nonparallel,MT19937,103,Agglomerative(Ward),1.0
ellipses_nonparallel,MT19937,104,KMeans,1.0
ellipses_nonparallel,MT19937,104,GaussianMixture,1.0
ellipses_nonparallel,MT19937,104,DBSCAN,0.9631344701738173
ellipses_nonparallel,MT19937,104,Agglomerative(Ward),1.0
ellipses_nonparallel,Philox,100,KMeans,1.0
ellipses_nonparallel,Philox,100,GaussianMixture,1.0
ellipses_nonparallel,Philox,100,DBSCAN,0.9977790054838913
ellipses_nonparallel,Philox,100,Agglomerative(Ward),1.0
ellipses_nonparallel,Philox,101,KMeans,1.0
ellipses_nonparallel,Philox,101,GaussianMixture,1.0
ellipses_nonparallel,Philox,101,DBSCAN,0.8512245655095241
ellipses_nonparallel,Philox,101,Agglomerative(Ward),1.0
ellipses_nonparallel,Philox,102,KMeans,1.0
ellipses_nonparallel,Philox,102,GaussianMixture,1.0
ellipses_nonparallel,Philox,102,DBSCAN,1.0
ellipses_nonparallel,Philox,102,Agglomerative(Ward),1.0
ellipses_nonparallel,Philox,103,KMeans,1.0
ellipses_nonparallel,Philox,103,GaussianMixture,1.0
ellipses_nonparallel,Philox,103,DBSCAN,0.9111060993978544
ellipses_nonparallel,Philox,103,Agglomerative(Ward),1.0
ellipses_nonparallel,Philox,104,KMeans,1.0
ellipses_nonparallel,Philox,104,GaussianMixture,1.0
ellipses_nonparallel,Philox,104,DBSCAN,0.9955381587067837
ellipses_nonparallel,Philox,104,Agglomerative(Ward),1.0
ellipses_nonparallel,SFC64,100,KMeans,1.0
ellipses_nonparallel,SFC64,100,GaussianMixture,1.0
ellipses_nonparallel,SFC64,100,DBSCAN,0.9785238715285957
ellipses_nonparallel,SFC64,100,Agglomerative(Ward),1.0
ellipses_nonparallel,SFC64,101,KMeans,1.0
ellipses_nonparallel,SFC64,101,GaussianMixture,1.0
ellipses_nonparallel,SFC64,101,DBSCAN,0.9934120434516484
ellipses_nonparallel,SFC64,101,Agglomerative(Ward),1.0
ellipses_nonparallel,SFC64,102,KMeans,1.0
ellipses_nonparallel,SFC64,102,GaussianMixture,1.0
ellipses_nonparallel,SFC64,102,DBSCAN,0.962087665648538
ellipses_nonparallel,SFC64,102,Agglomerative(Ward),1.0
ellipses_nonparallel,SFC64,103,KMeans,1.0
ellipses_nonparallel,SFC64,103,GaussianMixture,1.0
ellipses_nonparallel,SFC64,103,DBSCAN,0.9891463200520347
ellipses_nonparallel,SFC64,103,Agglomerative(Ward),1.0
ellipses_nonparallel,SFC64,104,KMeans,1.0
ellipses_nonparallel,SFC64,104,GaussianMixture,1.0
ellipses_nonparallel,SFC64,104,DBSCAN,1.0
ellipses_nonparallel,SFC64,104,Agglomerative(Ward),1.0
rectangles_nonparallel,PCG64,100,KMeans,1.0
rectangles_nonparallel,PCG64,100,GaussianMixture,1.0
rectangles_nonparallel,PCG64,100,DBSCAN,0.9977790054838913
rectangles_nonparallel,PCG64,100,Agglomerative(Ward),1.0
rectangles_nonparallel,PCG64,101,KMeans,1.0
rectangles_nonparallel,PCG64,101,GaussianMixture,1.0
rectangles_nonparallel,PCG64,101,DBSCAN,0.8215013657285879
rectangles_nonparallel,PCG64,101,Agglomerative(Ward),1.0
rectangles_nonparallel,PCG64,102,KMeans,1.0
rectangles_nonparallel,PCG64,102,GaussianMixture,1.0
rectangles_nonparallel,PCG64,102,DBSCAN,1.0
rectangles_nonparallel,PCG64,102,Agglomerative(Ward),1.0
rectangles_nonparallel,PCG64,103,KMeans,1.0
rectangles_nonparallel,PCG64,103,GaussianMixture,1.0
rectangles_nonparallel,PCG64,103,DBSCAN,0.921872090160304
rectangles_nonparallel,PCG64,103,Agglomerative(Ward),1.0
rectangles_nonparallel,PCG64,104,KMeans,1.0
rectangles_nonparallel,PCG64,104,GaussianMixture,1.0
rectangles_nonparallel,PCG64,104,DBSCAN,0.9955381587067837
rectangles_nonparallel,PCG64,104,Agglomerative(Ward),1.0
rectangles_nonparallel,MT19937,100,KMeans,1.0
rectangles_nonparallel,MT19937,100,GaussianMixture,1.0
rectangles_nonparallel,MT19937,100,DBSCAN,0.9631732186866204
rectangles_nonparallel,MT19937,100,Agglomerative(Ward),1.0
rectangles_nonparallel,MT19937,101,KMeans,0.982373077088261
rectangles_nonparallel,MT19937,101,GaussianMixture,1.0
rectangles_nonparallel,MT19937,101,DBSCAN,1.0
rectangles_nonparallel,MT19937,101,Agglomerative(Ward),1.0
rectangles_nonparallel,MT19937,102,KMeans,1.0
rectangles_nonparallel,MT19937,102,GaussianMixture,1.0
rectangles_nonparallel,MT19937,102,DBSCAN,0.9138985708761794
rectangles_nonparallel,MT19937,102,Agglomerative(Ward),1.0
rectangles_nonparallel,MT19937,103,KMeans,1.0
rectangles_nonparallel,MT19937,103,GaussianMixture,1.0
rectangles_nonparallel,MT19937,103,DBSCAN,0.9910867127795533
rectangles_nonparallel,MT19937,103,Agglomerative(Ward),1.0
rectangles_nonparallel,MT19937,104,KMeans,1.0
rectangles_nonparallel,MT19937,104,GaussianMixture,1.0
rectangles_nonparallel,MT19937,104,DBSCAN,0.9602253007421261
rectangles_nonparallel,MT19937,104,Agglomerative(Ward),1.0
rectangles_nonparallel,Philox,100,KMeans,1.0
rectangles_nonparallel,Philox,100,GaussianMixture,1.0
rectangles_nonparallel,Philox,100,DBSCAN,0.9977790054838913
rectangles_nonparallel,Philox,100,Agglomerative(Ward),1.0
rectangles_nonparallel,Philox,101,KMeans,1.0
rectangles_nonparallel,Philox,101,GaussianMixture,0.991126191500508
rectangles_nonparallel,Philox,101,DBSCAN,0.9912664374706522
rectangles_nonparallel,Philox,101,Agglomerative(Ward),1.0
rectangles_nonparallel,Philox,102,KMeans,1.0
rectangles_nonparallel,Philox,102,GaussianMixture,1.0
rectangles_nonparallel,Philox,102,DBSCAN,0.9261249080175682
rectangles_nonparallel,Philox,102,Agglomerative(Ward),1.0
rectangles_nonparallel,Philox,103,KMeans,1.0
rectangles_nonparallel,Philox,103,GaussianMixture,1.0
rectangles_nonparallel,Philox,103,DBSCAN,0.9824715620789471
rectangles_nonparallel,Philox,103,Agglomerative(Ward),1.0
rectangles_nonparallel,Philox,104,KMeans,1.0
rectangles_nonparallel,Philox,104,GaussianMixture,1.0
rectangles_nonparallel,Philox,104,DBSCAN,0.9114635225450806
rectangles_nonparallel,Philox,104,Agglomerative(Ward),1.0
rectangles_nonparallel,SFC64,100,KMeans,0.991126191500508
rectangles_nonparallel,SFC64,100,GaussianMixture,1.0
rectangles_nonparallel,SFC64,100,DBSCAN,0.9447729392713631
rectangles_nonparallel,SFC64,100,Agglomerative(Ward),1.0
rectangles_nonparallel,SFC64,101,KMeans,1.0
rectangles_nonparallel,SFC64,101,GaussianMixture,1.0
rectangles_nonparallel,SFC64,101,DBSCAN,0.9955381587067837
rectangles_nonparallel,SFC64,101,Agglomerative(Ward),1.0
rectangles_nonparallel,SFC64,102,KMeans,1.0
rectangles_nonparallel,SFC64,102,GaussianMixture,1.0
rectangles_nonparallel,SFC64,102,DBSCAN,0.912827099361053
rectangles_nonparallel,SFC64,102,Agglomerative(Ward),1.0
rectangles_nonparallel,SFC64,103,KMeans,1.0
rectangles_nonparallel,SFC64,103,GaussianMixture,1.0
rectangles_nonparallel,SFC64,103,DBSCAN,0.8684893278247434
rectangles_nonparallel,SFC64,103,Agglomerative(Ward),1.0
rectangles_nonparallel,SFC64,104,KMeans,1.0
rectangles_nonparallel,SFC64,104,GaussianMixture,1.0
rectangles_nonparallel,SFC64,104,DBSCAN,0.9888763472923461
rectangles_nonparallel,SFC64,104,Agglomerative(Ward),1.0
letters_gst,PCG64,100,KMeans,1.0
letters_gst,PCG64,100,GaussianMixture,1.0
letters_gst,PCG64,100,DBSCAN,0.9975020746541895
letters_gst,PCG64,100,Agglomerative(Ward),1.0
letters_gst,PCG64,101,KMeans,1.0
letters_gst,PCG64,101,GaussianMixture,1.0
letters_gst,PCG64,101,DBSCAN,0.8721433293536608
letters_gst,PCG64,101,Agglomerative(Ward),1.0
letters_gst,PCG64,102,KMeans,1.0
letters_gst,PCG64,102,GaussianMixture,1.0
letters_gst,PCG64,102,DBSCAN,1.0
letters_gst,PCG64,102,Agglomerative(Ward),1.0
letters_gst,PCG64,103,KMeans,1.0
letters_gst,PCG64,103,GaussianMixture,1.0
letters_gst,PCG64,103,DBSCAN,0.8725263532625908
letters_gst,PCG64,103,Agglomerative(Ward),1.0
letters_gst,PCG64,104,KMeans,1.0
letters_gst,PCG64,104,GaussianMixture,1.0
letters_gst,PCG64,104,DBSCAN,0.9118638998204674
letters_gst,PCG64,104,Agglomerative(Ward),1.0
letters_gst,MT19937,100,KMeans,1.0
letters_gst,MT19937,100,GaussianMixture,1.0
letters_gst,MT19937,100,DBSCAN,0.9950251260454924
letters_gst,MT19937,100,Agglomerative(Ward),1.0
letters_gst,MT19937,101,KMeans,1.0
letters_gst,MT19937,101,GaussianMixture,1.0
letters_gst,MT19937,101,DBSCAN,0.9457652783195487
letters_gst,MT19937,101,Agglomerative(Ward),1.0
letters_gst,MT19937,102,KMeans,1.0
letters_gst,MT19937,102,GaussianMixture,1.0
letters_gst,MT19937,102,DBSCAN,0.9900212414178426
letters_gst,MT19937,102,Agglomerative(Ward),1.0
letters_gst,MT19937,103,KMeans,1.0
letters_gst,MT19937,103,GaussianMixture,1.0
letters_gst,MT19937,103,DBSCAN,1.0
letters_gst,MT19937,103,Agglomerative(Ward),1.0
letters_gst,MT19937,104,KMeans,1.0
letters_gst,MT19937,104,GaussianMixture,1.0
letters_gst,MT19937,104,DBSCAN,0.9899456551823642
letters_gst,MT19937,104,Agglomerative(Ward),1.0
letters_gst,Philox,100,KMeans,1.0
letters_gst,Philox,100,GaussianMixture,1.0
letters_gst,Philox,100,DBSCAN,0.9949874164755549
letters_gst,Philox,100,Agglomerative(Ward),1.0
letters_gst,Philox,101,KMeans,1.0
letters_gst,Philox,101,GaussianMixture,1.0
letters_gst,Philox,101,DBSCAN,0.944894803543931
letters_gst,Philox,101,Agglomerative(Ward),1.0
letters_gst,Philox,102,KMeans,1.0
letters_gst,Philox,102,GaussianMixture,1.0
letters_gst,Philox,102,DBSCAN,0.9150584545878758
letters_gst,Philox,102,Agglomerative(Ward),1.0
letters_gst,Philox,103,KMeans,1.0
letters_gst,Philox,103,GaussianMixture,1.0
letters_gst,Philox,103,DBSCAN,1.0
letters_gst,Philox,103,Agglomerative(Ward),1.0
letters_gst,Philox,104,KMeans,1.0
letters_gst,Philox,104,GaussianMixture,1.0
letters_gst,Philox,104,DBSCAN,0.8626773188924172
letters_gst,Philox,104,Agglomerative(Ward),1.0
letters_gst,SFC64,100,KMeans,1.0
letters_gst,SFC64,100,GaussianMixture,1.0
letters_gst,SFC64,100,DBSCAN,0.9949874164755549
letters_gst,SFC64,100,Agglomerative(Ward),1.0
letters_gst,SFC64,101,KMeans,1.0
letters_gst,SFC64,101,GaussianMixture,1.0
letters_gst,SFC64,101,DBSCAN,0.9395634248143858
letters_gst,SFC64,101,Agglomerative(Ward),1.0
letters_gst,SFC64,102,KMeans,1.0
letters_gst,SFC64,102,GaussianMixture,1.0
letters_gst,SFC64,102,DBSCAN,0.9924937669506732
letters_gst,SFC64,102,Agglomerative(Ward),1.0
letters_gst,SFC64,103,KMeans,1.0
letters_gst,SFC64,103,GaussianMixture,1.0
letters_gst,SFC64,103,DBSCAN,0.9975020746541895
letters_gst,SFC64,103,Agglomerative(Ward),1.0
letters_gst,SFC64,104,KMeans,1.0
letters_gst,SFC64,104,GaussianMixture,1.0
letters_gst,SFC64,104,DBSCAN,0.8755770993321821
letters_gst,SFC64,104,Agglomerative(Ward),1.0
