n,algorithm,time_ms,peak_memory_KB
250,KMeans,2.5716249365359545,36.861328125
250,GaussianMixture,3.764208173379302,63.0927734375
250,DBSCAN,1.3278750702738762,84.75
250,Agglomerative(Ward),0.6989580579102039,272.234375
500,KMeans,3.8233750965446234,64.5283203125
500,GaussianMixture,4.419500008225441,117.3828125
500,DBSCAN,1.8517500720918179,148.390625
500,Agglomerative(Ward),2.1265840623527765,1099.478515625
1000,KMeans,6.206582998856902,119.1748046875
1000,GaussianMixture,5.8200841303914785,224.5712890625
1000,DBSCAN,3.1611670274287462,274.19140625
1000,Agglomerative(Ward),6.285625044256449,4393.1796875
2000,KMeans,9.9136249627918,228.4599609375
2000,GaussianMixture,9.739500004798174,439.609375
2000,DBSCAN,6.2246250454336405,526.01953125
2000,Agglomerative(Ward),25.625709211453795,17572.37890625
4000,KMeans,11.380749987438321,446.3818359375
4000,GaussianMixture,16.08595810830593,868.908203125
4000,DBSCAN,12.678207829594612,1029.455078125
4000,Agglomerative(Ward),92.300082789734,70298.009765625
8000,KMeans,13.180125039070845,883.787109375
8000,GaussianMixture,22.782916901633143,1728.025390625
8000,DBSCAN,25.822959141805768,2035.970703125
8000,Agglomerative(Ward),590.9182501491159,281217.88671875
