dataset,dataset_title,algorithm,n_points,n_dims,n_clusters_true,n_clusters_found,ARI,silhouette,time_ms,peak_memory_KB
circles_det,"Кола, 3 кластери, детермінований (регулярна сітка) розподіл",KMeans,360,2,3,3,1.0,0.8555,99.6,378.38
circles_det,"Кола, 3 кластери, детермінований (регулярна сітка) розподіл",GaussianMixture,360,2,3,3,1.0,0.8555,7.123,79.55
circles_det,"Кола, 3 кластери, детермінований (регулярна сітка) розподіл",DBSCAN,360,2,3,3,1.0,0.8555,3.015,105.54
circles_det,"Кола, 3 кластери, детермінований (регулярна сітка) розподіл",Agglomerative(Ward),360,2,3,3,1.0,0.8555,55.161,1202.65
circles_stoch,"Кола, 3 кластери, стохастичний (нормальний розподіл) генератор, seed=0",KMeans,450,2,3,3,1.0,0.7726,10.442,61.33
circles_stoch,"Кола, 3 кластери, стохастичний (нормальний розподіл) генератор, seed=0",GaussianMixture,450,2,3,3,1.0,0.7726,5.343,87.64
circles_stoch,"Кола, 3 кластери, стохастичний (нормальний розподіл) генератор, seed=0",DBSCAN,450,2,3,3,0.9933,0.7742,3.61,127.73
circles_stoch,"Кола, 3 кластери, стохастичний (нормальний розподіл) генератор, seed=0",Agglomerative(Ward),450,2,3,3,1.0,0.7726,4.067,891.51
ellipses_parallel,"Еліпси, 4 кластери, паралельні осі, seed=10",KMeans,600,2,4,4,1.0,0.7381,16.391,79.6
ellipses_parallel,"Еліпси, 4 кластери, паралельні осі, seed=10",GaussianMixture,600,2,4,4,1.0,0.7381,6.186,138.31
ellipses_parallel,"Еліпси, 4 кластери, паралельні осі, seed=10",DBSCAN,600,2,4,5,0.9755,0.6368,4.503,165.49
ellipses_parallel,"Еліпси, 4 кластери, паралельні осі, seed=10",Agglomerative(Ward),600,2,4,4,1.0,0.7381,5.751,1582.97
ellipses_nonparallel,"Еліпси, 4 кластери, непаралельні (випадково повернуті) осі, seed=11",KMeans,600,2,4,4,0.9649,0.7076,18.466,80.82
ellipses_nonparallel,"Еліпси, 4 кластери, непаралельні (випадково повернуті) осі, seed=11",GaussianMixture,600,2,4,4,0.978,0.7054,7.333,138.36
ellipses_nonparallel,"Еліпси, 4 кластери, непаралельні (випадково повернуті) осі, seed=11",DBSCAN,600,2,4,4,0.9536,0.7212,4.366,164.94
ellipses_nonparallel,"Еліпси, 4 кластери, непаралельні (випадково повернуті) осі, seed=11",Agglomerative(Ward),600,2,4,4,0.978,0.7082,5.932,1582.9
squares_nonparallel,"Квадрати, 4 кластери, непаралельні (випадково повернуті) сторони, seed=20",KMeans,600,2,4,4,1.0,0.8012,13.544,79.44
squares_nonparallel,"Квадрати, 4 кластери, непаралельні (випадково повернуті) сторони, seed=20",GaussianMixture,600,2,4,4,1.0,0.8012,7.276,137.96
squares_nonparallel,"Квадрати, 4 кластери, непаралельні (випадково повернуті) сторони, seed=20",DBSCAN,600,2,4,10,0.8473,0.5115,4.167,162.38
squares_nonparallel,"Квадрати, 4 кластери, непаралельні (випадково повернуті) сторони, seed=20",Agglomerative(Ward),600,2,4,4,1.0,0.8012,5.834,1582.88
rectangles_parallel,"Прямокутники, 4 кластери, паралельні сторони, seed=21",KMeans,600,2,4,4,1.0,0.8464,13.794,79.98
rectangles_parallel,"Прямокутники, 4 кластери, паралельні сторони, seed=21",GaussianMixture,600,2,4,4,1.0,0.8464,7.288,137.96
rectangles_parallel,"Прямокутники, 4 кластери, паралельні сторони, seed=21",DBSCAN,600,2,4,5,0.9525,0.732,4.167,163.14
rectangles_parallel,"Прямокутники, 4 кластери, паралельні сторони, seed=21",Agglomerative(Ward),600,2,4,4,1.0,0.8464,5.662,1582.9
letters,"Несиметричні кластери у формі літер Г, С, Т, seed=3",KMeans,600,2,3,3,1.0,0.6171,13.369,78.71
letters,"Несиметричні кластери у формі літер Г, С, Т, seed=3",GaussianMixture,600,2,3,3,1.0,0.6171,5.459,113.53
letters,"Несиметричні кластери у формі літер Г, С, Т, seed=3",DBSCAN,600,2,3,5,0.855,0.5262,4.154,164.22
letters,"Несиметричні кластери у формі літер Г, С, Т, seed=3",Agglomerative(Ward),600,2,3,3,1.0,0.6171,5.729,1582.85
mixture,"Суміш типів: коло, повернутий еліпс, квадрат, повернутий прямокутник",KMeans,600,2,4,4,1.0,0.8467,12.139,78.04
mixture,"Суміш типів: коло, повернутий еліпс, квадрат, повернутий прямокутник",GaussianMixture,600,2,4,4,1.0,0.8467,5.631,138.32
mixture,"Суміш типів: коло, повернутий еліпс, квадрат, повернутий прямокутник",DBSCAN,600,2,4,4,0.9731,0.8545,4.125,163.98
mixture,"Суміш типів: коло, повернутий еліпс, квадрат, повернутий прямокутник",Agglomerative(Ward),600,2,4,4,1.0,0.8467,5.797,1582.78
real_iris,"Реальний набір даних Iris (4 ознаки, 3 класи)",KMeans,150,4,3,3,0.7302,0.5528,8.951,32.25
real_iris,"Реальний набір даних Iris (4 ознаки, 3 класи)",GaussianMixture,150,4,3,3,0.9039,0.5012,11.963,36.49
real_iris,"Реальний набір даних Iris (4 ознаки, 3 класи)",DBSCAN,150,4,3,2,0.5638,0.6925,2.108,56.9
real_iris,"Реальний набір даних Iris (4 ознаки, 3 класи)",Agglomerative(Ward),150,4,3,3,0.7312,0.5543,1.396,108.81
